{
  "root_id": "root",
  "nodes": {
    "root_0": {
      "id": "root_0",
      "level": 1,
      "min_x": 0.0,
      "max_x": 50.0,
      "min_y": -0.000499725341796875,
      "max_y": 49.9995002746582,
      "min_z": -44.40050029754639,
      "max_z": 5.599499702453613,
      "point_count": 44164,
      "children": [],
      "is_leaf": true
    },
    "root_1_0": {
      "id": "root_1_0",
      "level": 2,
      "min_x": 50.0,
      "max_x": 75.0,
      "min_y": -0.000499725341796875,
      "max_y": 24.999500274658203,
      "min_z": -44.40050029754639,
      "max_z": -19.400500297546387,
      "point_count": 0,
      "children": [],
      "is_leaf": true
    },
    "root_1_1": {
      "id": "root_1_1",
      "level": 2,
      "min_x": 75.0,
      "max_x": 100.0,
      "min_y": -0.000499725341796875,
      "max_y": 24.999500274658203,
      "min_z": -44.40050029754639,
      "max_z": -19.400500297546387,
      "point_count": 0,
      "children": [],
      "is_leaf": true
    },
    "root_1_2": {
      "id": "root_1_2",
      "level": 2,
      "min_x": 50.0,
      "max_x": 75.0,
      "min_y": 24.999500274658203,
      "max_y": 49.9995002746582,
      "min_z": -44.40050029754639,
      "max_z": -19.400500297546387,
      "point_count": 0,
      "children": [],
      "is_leaf": true
    },
    "root_1_3": {
      "id": "root_1_3",
      "level": 2,
      "min_x": 75.0,
      "max_x": 100.0,
      "min_y": 24.999500274658203,
      "max_y": 49.9995002746582,
      "min_z": -44.40050029754639,
      "max_z": -19.400500297546387,
      "point_count": 0,
      "children": [],
      "is_leaf": true
    },
    "root_1_4": {
      "id": "root_1_4",
      "level": 2,
      "min_x": 50.0,
      "max_x": 75.0,
      "min_y": -0.000499725341796875,
      "max_y": 24.999500274658203,
      "min_z": -19.400500297546387,
      "max_z": 5.599499702453613,
      "point_count": 12557,
      "children": [],
      "is_leaf": true
    },
    "root_1_5": {
      "id": "root_1_5",
      "level": 2,
      "min_x": 75.0,
      "max_x": 100.0,
      "min_y": -0.000499725341796875,
      "max_y": 24.999500274658203,
      "min_z": -19.400500297546387,
      "max_z": 5.599499702453613,
      "point_count": 12657,
      "children": [],
      "is_leaf": true
    },
    "root_1_6": {
      "id": "root_1_6",
      "level": 2,
      "min_x": 50.0,
      "max_x": 75.0,
      "min_y": 24.999500274658203,
      "max_y": 49.9995002746582,
      "min_z": -19.400500297546387,
      "max_z": 5.599499702453613,
      "point_count": 12502,
      "children": [],
      "is_leaf": true
    },
    "root_1_7": {
      "id": "root_1_7",
      "level": 2,
      "min_x": 75.0,
      "max_x": 100.0,
      "min_y": 24.999500274658203,
      "max_y": 49.9995002746582,
      "min_z": -19.400500297546387,
      "max_z": 5.599499702453613,
      "point_count": 12603,
      "children": [],
      "is_leaf": true
    },
    "root_1": {
      "id": "root_1",
      "level": 1,
      "min_x": 50.0,
      "max_x": 100.0,
      "min_y": -0.000499725341796875,
      "max_y": 49.9995002746582,
      "min_z": -44.40050029754639,
      "max_z": 5.599499702453613,
      "point_count": 50315,
      "children": [
        "root_1_0",
        "root_1_1",
        "root_1_2",
        "root_1_3",
        "root_1_4",
        "root_1_5",
        "root_1_6",
        "root_1_7"
      ],
      "is_leaf": false
    },
    "root_2": {
      "id": "root_2",
      "level": 1,
      "min_x": 0.0,
      "max_x": 50.0,
      "min_y": 49.9995002746582,
      "max_y": 99.9995002746582,
      "min_z": -44.40050029754639,
      "max_z": 5.599499702453613,
      "point_count": 48769,
      "children": [],
      "is_leaf": true
    },
    "root_3": {
      "id": "root_3",
      "level": 1,
      "min_x": 50.0,
      "max_x": 100.0,
      "min_y": 49.9995002746582,
      "max_y": 99.9995002746582,
      "min_z": -44.40050029754639,
      "max_z": 5.599499702453613,
      "point_count": 42396,
      "children": [],
      "is_leaf": true
    },
    "root_4": {
      "id": "root_4",
      "level": 1,
      "min_x": 0.0,
      "max_x": 50.0,
      "min_y": -0.000499725341796875,
      "max_y": 49.9995002746582,
      "min_z": 5.599499702453613,
      "max_z": 55.59949970245361,
      "point_count": 5901,
      "children": [],
      "is_leaf": true
    },
    "root_5": {
      "id": "root_5",
      "level": 1,
      "min_x": 50.0,
      "max_x": 100.0,
      "min_y": -0.000499725341796875,
      "max_y": 49.9995002746582,
      "min_z": 5.599499702453613,
      "max_z": 55.59949970245361,
      "point_count": 0,
      "children": [],
      "is_leaf": true
    },
    "root_6": {
      "id": "root_6",
      "level": 1,
      "min_x": 0.0,
      "max_x": 50.0,
      "min_y": 49.9995002746582,
      "max_y": 99.9995002746582,
      "min_z": 5.599499702453613,
      "max_z": 55.59949970245361,
      "point_count": 1296,
      "children": [],
      "is_leaf": true
    },
    "root_7": {
      "id": "root_7",
      "level": 1,
      "min_x": 50.0,
      "max_x": 100.0,
      "min_y": 49.9995002746582,
      "max_y": 99.9995002746582,
      "min_z": 5.599499702453613,
      "max_z": 55.59949970245361,
      "point_count": 7160,
      "children": [],
      "is_leaf": true
    },
    "root": {
      "id": "root",
      "level": 0,
      "min_x": 0.0,
      "max_x": 100.0,
      "min_y": -0.000499725341796875,
      "max_y": 99.9995002746582,
      "min_z": -44.40050029754639,
      "max_z": 55.59949970245361,
      "point_count": 200000,
      "children": [
        "root_0",
        "root_1",
        "root_2",
        "root_3",
        "root_4",
        "root_5",
        "root_6",
        "root_7"
      ],
      "is_leaf": false
    }
  }
}